LEDGER_NAME,LEDGER_ALIAS,LEDGER_PARENT_GROUP,LEDGER_PRIMARY_GROUP,LEDGER_ADDRESS1,LEDGER_ADDRESS2,LEDGER_CITY,LEDGER_PHONE,LEDGER_MOBILE,LEDGER_EMAIL,LEDGER_OPENING_BALANCE,LEDGER_CLOSING_BALANCE,LEDGER_DEBIT,LEDGER_CREDIT,LEDGER_CREDIT_LIMIT,LEDGER_NATURE
7 Star,NULL,Sundry Debtors,Current Assets,,,,,NULL,,-71455.00,-233.83,.00,.00,.00,D
Abdullah Telecom,NULL,Sundry Debtors,Current Assets,shofipur,,,,01711980449,,-24404.00,-435135.71,.00,.00,.00,D
Abid Telecom,NULL,Sundry Debtors,Current Assets,,,,,NULL,,.00,-375774.90,.00,.00,.00,D
Abir TSM,NULL,Sundry Debtors,Current Assets,,,,,NULL,,.00,-32920.00,.00,.00,.00,D
Afnan Telecom,NULL,Sundry Debtors,Current Assets,,,,,NULL,,.00,-17248.23,.00,.00,.00,D
Akib Telecom,NULL,Sundry Debtors,Current Assets,,,,,NULL,,.00,-4916.55,.00,.00,.00,D
AL Baraka,NULL,Sundry Debtors,Current Assets,,,,,NULL,,.00,-66068.00,.00,.00,.00,D
AL Mamun,NULL,Sundry Debtors,Current Assets,,,,,NULL,,-170385.00,-36386.85,.00,.00,.00,D
Apallo Mobile,NULL,Sundry Debtors,Current Assets,,,,,NULL,,-109547.00,-4167.00,.00,.00,.00,D
Apple Network,NULL,Sundry Debtors,Current Assets,,,,,NULL,,.00,236285.00,.00,.00,.00,D
Asm Ronib,NULL,Sundry Debtors,Current Assets,,,,,NULL,,.00,-46645.00,.00,.00,.00,D
Back Margin,NULL,Indirect Income,Indirect Income,,,,,NULL,,.00,6495987.70,.00,.00,.00,D
Bank Asia A/C 3422,NULL,Bank Accounts,Current Assets,,,,,NULL,,.00,.00,.00,.00,.00,D
Bhai Bon Electronic,NULL,Sundry Debtors,Current Assets,,,,,01712549425,,-17395.00,-395.00,.00,.00,.00,D
Big Mobile Park 2,NULL,Sundry Debtors,Current Assets,,,,,01717899324,,.00,-685.15,.00,.00,.00,D
Bismillah Telecom,NULL,Sundry Debtors,Current Assets,,,,,NULL,,.00,-48300.00,.00,.00,.00,D
Boa Bill,NULL,Indirect Expenses,Indirect Expenses,,,,,NULL,,.00,-23500.00,.00,.00,.00,D
BS Mowcak,NULL,Sundry Debtors,Current Assets,,,,,NULL,,.00,-1455278.80,.00,.00,.00,D
Cash,NULL,Cash in Hand,Current Assets,,,,,NULL,,-155780.00,-5657493.00,.00,.00,.00,D
Courier,NULL,Indirect Expenses,Indirect Expenses,,,,,NULL,,.00,-10670.00,.00,.00,.00,D
Csm,NULL,Sundry Debtors,Current Assets,,,,,NULL,,.00,-1474810.00,.00,.00,.00,D
Daily Expenses,NULL,Indirect Expenses,Indirect Expenses,,,,,NULL,,.00,-311405.00,.00,.00,.00,D
Dhaka Sojib,NULL,Sundry Debtors,Current Assets,,,,,NULL,,.00,-19286.32,.00,.00,.00,D
Dr Shakib,NULL,Current Assets,Current Assets,,,,,NULL,,.00,.00,.00,.00,.00,D
E Samprity Bangladesh LTD,NULL,Sundry Debtors,Current Assets,,,,,NULL,,.00,-5854398.45,.00,.00,.00,D
Electricity Bill,NULL,Indirect Expenses,Indirect Expenses,,,,,NULL,,.00,-51216.00,.00,.00,.00,D
Famely Enterprise,NULL,Sundry Debtors,Current Assets,,,,,NULL,,.00,-34794.12,.00,.00,.00,D
Farhad,NULL,Sales Representative,Sales Representative,,,,01911887462,NULL,NULL,.00,.00,.00,.00,.00,D
Faruk Telecom,NULL,Sundry Debtors,Current Assets,,,,,NULL,,.00,-267467.28,.00,.00,.00,D
Firoza Enterprise,NULL,Branch/Divisions/Projects,Branch/Divisions,NULL,NULL,NULL,NULL,NULL,NULL,.00,.00,.00,.00,.00,D
Firoza Enterprise BS,NULL,Sundry Debtors,Current Assets,,,,,NULL,,.00,-696526.82,.00,.00,.00,D
Forhad HM,NULL,Sundry Debtors,Current Assets,,,,,NULL,,.00,-109895.00,.00,.00,.00,D
Friend Mobile,NULL,Sundry Debtors,Current Assets,,,,,NULL,,-30106.00,-60728.93,.00,.00,.00,D
G@G,NULL,Sundry Debtors,Current Assets,,,,,01716602558,,-68040.00,-38.00,.00,.00,.00,D
Gazi Smart Zone,NULL,Sundry Debtors,Current Assets,,,,,01740779779,,-24433.00,-103010.11,.00,.00,.00,D
H.M,NULL,Sundry Debtors,Current Assets,,,,,NULL,,-14034.00,-6810.84,.00,.00,.00,D
Hafiur Oppo,NULL,Sundry Debtors,Current Assets,,,,,NULL,,-295989.00,2.95,.00,.00,.00,D
Haramain Business Point,NULL,Sundry Debtors,Current Assets,,,,,NULL,,.00,-492.32,.00,.00,.00,D
House Rent,NULL,Indirect Expenses,Indirect Expenses,,,,,NULL,,.00,-311507.00,.00,.00,.00,D
Ismarto Technology BD Ltd.,NULL,Sundry Creditors,Current Liabilities,,,,,NULL,,886724.92,63456266.80,.00,.00,.00,D
Itel Dealer,NULL,Current Assets,Current Assets,,,,,NULL,,.00,2426352.00,.00,.00,.00,D
Jakir Telecom Forhad,NULL,Sundry Debtors,Current Assets,,,,,NULL,,.00,-19078.00,.00,.00,.00,D
Jannat,NULL,Sundry Debtors,Current Assets,,,,,NULL,,-125615.00,-278244.10,.00,.00,.00,D
Juneid Telecom,NULL,Sundry Debtors,Current Assets,,,,,NULL,,.00,-245844.96,.00,.00,.00,D
Kafi,NULL,Sundry Debtors,Current Assets,,,,,NULL,,-9120.00,-20.00,.00,.00,.00,D
Khatija Telecom,NULL,Sundry Debtors,Current Assets,,,,,NULL,,.00,.00,.00,.00,.00,D
Lotas BO,NULL,Sundry Debtors,Current Assets,,,,,NULL,,.00,6.00,.00,.00,.00,D
Lunch Bill,NULL,Indirect Expenses,Indirect Expenses,,,,,NULL,,.00,-77810.00,.00,.00,.00,D
Ma Showroom,NULL,Sundry Debtors,Current Assets,,,,,NULL,,-17305.00,.00,.00,.00,.00,D
Mahabub Enterprise (Sumon),NULL,Sundry Debtors,Current Assets,,,,,NULL,,.00,-964077.85,.00,.00,.00,D
Makka Telecom,NULL,Sundry Debtors,Current Assets,,,,,01778869828,,-34276.00,-80297.48,.00,.00,.00,D
Master,NULL,Sundry Debtors,Current Assets,,,,,NULL,,.00,-76405.95,.00,.00,.00,D
Masum Kashipur,NULL,Sundry Debtors,Current Assets,,,,,NULL,,-2617.00,-37.75,.00,.00,.00,D
Matbor Telecom,NULL,Sundry Debtors,Current Assets,,,,,NULL,,-107556.00,-34607.12,.00,.00,.00,D
Max Telecom,NULL,Sundry Debtors,Current Assets,,,,,NULL,,-25248.00,-348.00,.00,.00,.00,D
Mobile City,NULL,Sundry Debtors,Current Assets,,,,,NULL,,-25327.00,-111485.78,.00,.00,.00,D
Mobile Fair,NULL,Sundry Debtors,Current Assets,,,,,NULL,,.00,-26172.80,.00,.00,.00,D
Mobile Park Shofipur,NULL,Sundry Debtors,Current Assets,,,,,NULL,,.00,-450324.40,.00,.00,.00,D
Mobile Shop,NULL,Sundry Debtors,Current Assets,,,,,NULL,,-132667.00,-7367.00,.00,.00,.00,D
Mobile Word,NULL,Sundry Debtors,Current Assets,,,,,NULL,,.00,-60.00,.00,.00,.00,D
Moden Sojib Sr,NULL,Sundry Debtors,Current Assets,,,,,NULL,,.00,-382279.65,.00,.00,.00,D
Modern Telecom,NULL,Sundry Debtors,Current Assets,,,,,01720310400,,-399754.00,-85555.10,.00,.00,.00,D
Molla Mobile Zone,NULL,Sundry Debtors,Current Assets,,,,,NULL,,.00,-195275.40,.00,.00,.00,D
Moon Star,NULL,Sundry Debtors,Current Assets,,,,,NULL,,-196907.00,-201620.28,.00,.00,.00,D
Mouchcuk,NULL,Loan Accounts,Loan Accounts,,,,,NULL,,.00,.00,.00,.00,.00,D
Mouchuk Tecno Showroom,NULL,Loan Accounts,Loan Accounts,,,,,NULL,,.00,.00,.00,.00,.00,D
Movie Exape,NULL,Sundry Debtors,Current Assets,,,,,NULL,,-72856.00,-9986.50,.00,.00,.00,D
Mridha,NULL,Sundry Debtors,Current Assets,,,,,NULL,,.00,-90.00,.00,.00,.00,D
Nabin Bhai,NULL,Sundry Debtors,Current Assets,,,,,NULL,,.00,-4234.15,.00,.00,.00,D
Nadim Villa,NULL,Current Assets,Current Assets,,,,,NULL,,.00,-12020.00,.00,.00,.00,D
Nahin Bhai,NULL,Current Assets,Current Assets,,,,,NULL,,.00,.00,.00,.00,.00,D
Nur Alam (Sumon),NULL,Sundry Debtors,Current Assets,,,,,NULL,,.00,-142147.70,.00,.00,.00,D
Nur Nahar,NULL,Sundry Debtors,Current Assets,,,,,01736060992,,-69180.00,-180.00,.00,.00,.00,D
Office Maintenance,NULL,Indirect Expenses,Indirect Expenses,,,,,NULL,,.00,-539555.00,.00,.00,.00,D
One Plus,NULL,Sundry Creditors,Current Liabilities,,,,,NULL,,.00,.00,.00,.00,.00,D
One Plus  Juwel SR,NULL,Sundry Debtors,Current Assets,,,,,NULL,,-26300.00,-26300.00,.00,.00,.00,D
One Plus Amir,NULL,Sundry Debtors,Current Assets,,,,,NULL,,-15110.00,.00,.00,.00,.00,D
One Plus Apallo,NULL,Sundry Debtors,Current Assets,,,,,NULL,,-44860.00,-60.00,.00,.00,.00,D
One Plus Big Mobile,NULL,Sundry Debtors,Current Assets,,,,,NULL,,-24790.00,-290.00,.00,.00,.00,D
ONE PLUS LOAD,NULL,Loan Accounts,Loan Accounts,,,,,NULL,,.00,.00,.00,.00,.00,D
One Plus Master Telecom,NULL,Sundry Debtors,Current Assets,,,,,NULL,,-21480.00,-80.00,.00,.00,.00,D
One Plus Mobile Fair,NULL,Sundry Debtors,Current Assets,,,,,NULL,,-58370.00,-24470.00,.00,.00,.00,D
One Plus Mokka,NULL,Sundry Debtors,Current Assets,,,,,NULL,,-22630.00,-22630.00,.00,.00,.00,D
One Plus Mooon Star,NULL,Sundry Debtors,Current Assets,,,,,NULL,,-10000.00,.00,.00,.00,.00,D
One Plus Sajib SR,NULL,Sundry Debtors,Current Assets,,,,,NULL,,-36400.00,.00,.00,.00,.00,D
One Plus Sajib Telecom,NULL,Sundry Debtors,Current Assets,,,,,NULL,,-12000.00,.00,.00,.00,.00,D
one plus Shohag OSR,NULL,Sundry Debtors,Current Assets,,,,,NULL,,-1690.00,.00,.00,.00,.00,D
One Plus Sompoity,NULL,Sundry Debtors,Current Assets,,,,,NULL,,-115000.00,-1430.00,.00,.00,.00,D
One Plus SR Telecom,NULL,Sundry Debtors,Current Assets,,,,,NULL,,-6360.00,-6360.00,.00,.00,.00,D
One Plus Tandra 2,NULL,Sundry Debtors,Current Assets,,,,,NULL,,-10880.00,-2880.00,.00,.00,.00,D
OPPO,NULL,Current Assets,Current Assets,,,,,NULL,,.00,.00,.00,.00,.00,D
Oppo Asharful Loan,NULL,Current Assets,Current Assets,,,,,NULL,,.00,.00,.00,.00,.00,D
Profit & Loss A/c,NULL,Profit & Loss Accounts,Profit & Loss Accounts,NULL,NULL,NULL,NULL,NULL,NULL,.00,.00,.00,.00,.00,D
Purchase A/c,NULL,Purchase Accounts,Purchase Accounts,NULL,NULL,NULL,NULL,NULL,NULL,.00,-406616669.63,.00,.00,.00,D
Rabbi,NULL,Sundry Debtors,Current Assets,,,,,NULL,,.00,-3160.00,.00,.00,.00,D
Rafsan Telecom (sumon),NULL,Sundry Debtors,Current Assets,,,,,NULL,,.00,-66056.95,.00,.00,.00,D
Raju Mobile Zone,NULL,Sundry Debtors,Current Assets,,,,,NULL,,.00,-105951.95,.00,.00,.00,D
Razu Mobile,NULL,Sundry Debtors,Current Assets,,,,,01725532509,,-68950.00,.00,.00,.00,.00,D
Realme,NULL,Current Assets,Current Assets,,,,,NULL,,.00,-1470146.00,.00,.00,.00,D
Retailer Back Margin,NULL,Current Liabilities,Current Liabilities,,,,,NULL,,.00,3568773.05,.00,.00,.00,D
Robiul Telecom Sojib,NULL,Sundry Debtors,Current Assets,,,,,NULL,,.00,-140142.46,.00,.00,.00,D
Roju Moon Star,NULL,Current Assets,Current Assets,,,,,NULL,,.00,.00,.00,.00,.00,D
Ruhul Almin Khan Dealer,NULL,Sundry Debtors,Current Assets,,,,,NULL,,.00,-225848.40,.00,.00,.00,D
S.K Media,NULL,Sundry Debtors,Current Assets,,,,,NULL,,-37999.00,.00,.00,.00,.00,D
Saddam Telecom,NULL,Sundry Debtors,Current Assets,,,,,NULL,,-85000.00,-465510.59,.00,.00,.00,D
Saha Mobile,NULL,Sundry Debtors,Current Assets,,,,,NULL,,-41620.00,-67122.73,.00,.00,.00,D
Sajib,NULL,Sales Representative,Sales Representative,,,,01628327519,NULL,NULL,.00,.00,.00,.00,.00,D
Sajib Telecom,NULL,Sundry Debtors,Current Assets,,,,,NULL,,-125122.00,-7.10,.00,.00,.00,D
Sakin,NULL,Sales Representative,Sales Representative,,,,01409661698,NULL,NULL,.00,.00,.00,.00,.00,D
Salary,NULL,Indirect Expenses,Indirect Expenses,,,,,NULL,,.00,-1157300.00,.00,.00,.00,D
Sales A/c,NULL,Sales Accounts,Sales Accounts,NULL,NULL,NULL,NULL,NULL,NULL,.00,370415473.22,.00,.00,.00,D
Sales Return,NULL,Sales Accounts,Sales Accounts,,,,,NULL,,.00,-98475.00,.00,.00,.00,D
Shadhin Bagla Telecom,NULL,Sundry Debtors,Current Assets,,,,,NULL,,.00,-709.63,.00,.00,.00,D
Sher E Bangla,NULL,Sundry Debtors,Current Assets,,,,,NULL,,-16400.00,-825.00,.00,.00,.00,D
Sk Oppo Zone,NULL,Sundry Debtors,Current Assets,,,,,NULL,,.00,-.45,.00,.00,.00,D
Smart Tech,NULL,Sundry Debtors,Current Assets,,,,,NULL,,.00,-555477.95,.00,.00,.00,D
Software Bill,NULL,Indirect Expenses,Indirect Expenses,,,,,NULL,,.00,-45000.00,.00,.00,.00,D
Sojib SR,NULL,Sundry Debtors,Current Assets,,,,,NULL,,.00,-142950.70,.00,.00,.00,D
Somprity,NULL,Sundry Debtors,Current Assets,,,,,NULL,,-103714.00,-1124112.72,.00,.00,.00,D
SONDI,NULL,Sundry Debtors,Current Assets,,,,,NULL,,.00,-125.00,.00,.00,.00,D
Sr Telecom,NULL,Sundry Debtors,Current Assets,,,,,NULL,,-276490.00,-26490.00,.00,.00,.00,D
Sumaiya Telecom,NULL,Sundry Debtors,Current Assets,,,,,NULL,,.00,-32164.00,.00,.00,.00,D
Sumon,NULL,Sales Representative,Sales Representative,sofipur,,,01716161404,NULL,NULL,.00,.00,.00,.00,.00,D
Sumon SR,NULL,Sundry Debtors,Current Assets,,,,,NULL,,-735698.00,-321754.93,.00,.00,.00,D
Tandra Dealer TSm,NULL,Sundry Debtors,Current Assets,,,,,NULL,,.00,-106511.30,.00,.00,.00,D
Tangail TSM,NULL,Sundry Debtors,Current Assets,,,,,NULL,,.00,.00,.00,.00,.00,D
Tawhid Enterprise Ja.....,NULL,Sundry Debtors,Current Assets,,,,,NULL,,.00,-64600.00,.00,.00,.00,D
Tecno Mouchek,NULL,Loan Accounts,Loan Accounts,,,,,NULL,,.00,-3523000.00,.00,.00,.00,D
Tondra 2,NULL,Sundry Debtors,Current Assets,,,,,NULL,,.00,-424739.54,.00,.00,.00,D
Tsm,NULL,Sundry Debtors,Current Assets,,,,,NULL,,.00,-794792.30,.00,.00,.00,D
TSM Abid,NULL,Sundry Debtors,Current Assets,,,,,NULL,,.00,-19160.00,.00,.00,.00,D
Tuser Sojib Sr,NULL,Sundry Debtors,Current Assets,,,,,NULL,,.00,-45540.04,.00,.00,.00,D
Uazzal Bhai Somprity,NULL,Current Assets,Current Assets,,,,,NULL,,.00,-20500.00,.00,.00,.00,D
Uzzal Current Acc.,NULL,Current Assets,Current Assets,,,,,NULL,,.00,-10528844.00,.00,.00,.00,D
Zahid Mowna,NULL,Sundry Debtors,Current Assets,,,,,NULL,,.00,-54500.00,.00,.00,.00,D
Zisan Telecom,NULL,Sundry Debtors,Current Assets,,,,,NULL,,.00,-13264.00,.00,.00,.00,D
Zunaid Board Bazar,NULL,Sundry Debtors,Current Assets,,,,,NULL,,.00,.75,.00,.00,.00,D
