VOUCHER_TYPE_SERIAL,VOUCHER_TYPE_VALUE,VOUCHER_TYPE_NAME,VOUCHER_TYPE_NUMBERING_METHOD,VOUCHER_TYPE_BEGINING_NUMBER,VOUCHER_TYPE_NUMERIC_WIDTH,VOUCHER_TYPE_PREFIX,VOUCHER_TYPE_SUFFIX,VOUCHER_TYPE_PRINTAFTERSAVE,VOUCHER_TYPE_ALT_UNIT,VOUCHER_TYPE_TOTAL_VOUCHER,VOUCHER_TYPE_CANCEL_VOUCHER,VOUCHER_TYPE_SINGLE_NARRATION,VOUCHER_TYPE_LOCK_VOUCHER_NO,INSERT_DATE,EXPORT_TYPE,EXPORT_FILE_NAME,IMPORT_FILE_NAME
17,22,Consumption,0,1.00,6,IO#,,0,0,0,0,0,0,2025-04-30 12:14:15.207,1,NULL,NULL
4,4,Contra,0,1.00,6,CV#,,0,0,0,0,0,0,2025-04-30 12:14:15.207,1,NULL,NULL
7,14,Delivery Order,0,1.00,6,DO#,,0,0,0,0,0,0,2025-04-30 12:14:15.207,1,NULL,NULL
18,21,Finished Goods,0,1.00,6,II#,,0,0,0,0,0,0,2025-04-30 12:14:15.207,1,NULL,NULL
3,3,Journal,0,1.00,6,JV#,,0,0,167,0,0,0,2025-04-30 12:14:15.203,1,NULL,NULL
23,26,Manufacturing Consumption,0,1.00,6,MC#,,0,0,0,0,0,0,2025-04-30 12:14:15.210,1,NULL,NULL
24,27,Manufacturing Finished Goods,0,1.00,6,MF#,,0,0,0,0,0,0,2025-04-30 12:14:15.210,1,NULL,NULL
25,29,Manufacturing Voucher,0,1.00,6,MV#,,0,0,0,0,0,0,2025-04-30 12:14:15.210,1,NULL,NULL
1,2,Payment,0,1.00,6,PV#,,0,0,1676,0,0,0,2025-04-30 12:14:15.203,1,NULL,NULL
20,25,Physical Stock,0,1.00,6,IP#,,0,0,0,0,0,0,2025-04-30 12:14:15.207,1,NULL,NULL
14,33,Purchase Invoice,0,1.00,6,PI#,,0,0,221,0,0,0,2025-04-30 12:14:15.207,1,NULL,NULL
12,31,Purchase Order,0,1.00,6,PO#,,0,0,0,0,0,0,2025-04-30 12:14:15.207,1,NULL,NULL
16,35,Purchase Requisition,0,1.00,6,PQ#,,0,0,0,0,0,0,2025-04-30 12:14:15.207,1,NULL,NULL
15,32,Purchase Return,0,1.00,6,PE#,,0,0,0,0,0,0,2025-04-30 12:14:15.207,1,NULL,NULL
2,1,Receipt,0,1.00,6,RV#,,0,0,2605,0,0,0,2025-04-30 12:14:15.203,1,NULL,NULL
13,34,Receive Inventory,0,1.00,6,PR#,,0,0,0,0,0,0,2025-04-30 12:14:15.207,1,NULL,NULL
8,15,Sales Challan,0,1.00,6,SC#,,0,0,0,0,0,0,2025-04-30 12:14:15.207,1,NULL,NULL
9,16,Sales Invoice,0,1.00,6,SI#,,0,0,1865,0,0,0,2025-04-30 12:14:15.207,1,NULL,NULL
10,18,Sales Invoice Pos,0,1.00,6,SP#,,2,0,0,0,0,0,2025-04-30 12:14:15.207,1,NULL,NULL
6,12,Sales Order,0,1.00,6,SO#,,0,0,0,0,0,0,2025-04-30 12:14:15.207,1,NULL,NULL
5,17,Sales Quotation,0,1.00,6,SQ#,,0,0,0,0,0,0,2025-04-30 12:14:15.207,1,NULL,NULL
11,13,Sales Return,0,1.00,6,SR#,,0,0,30,0,0,0,2025-04-30 12:14:15.207,1,NULL,NULL
19,24,Stock Damage,0,1.00,6,ID#,,0,0,0,0,0,0,2025-04-30 12:14:15.207,1,NULL,NULL
22,28,Stock Return,0,1.00,6,ST#,,0,0,0,0,0,0,2025-04-30 12:14:15.210,1,NULL,NULL
21,23,Stock Transfer,0,1.00,6,IT#,,0,0,0,0,0,0,2025-04-30 12:14:15.210,1,NULL,NULL
