STOCKITEM_NAME,STOCKITEM_ALIAS,STOCKGROUP_NAME,STOCKCATEGORY_NAME,STOCKITEM_PRIMARY_GROUP,STOCKITEM_BASEUNITS,STOCKITEM_OPENING_BALANCE,STOCKITEM_OPENING_RATE,STOCKITEM_CLOSING_BALANCE,STOCKITEM_INWARDQUANTITY,STOCKITEM_OUTWARDQUANTITY,STOCKITEM_MIN_QUANTITY,STOCKITEM_REORDER_LEVEL,STOCKITEM_MANUFACTURER
Camon 40 Pro 5G,NULL,Tecno,NULL,Mobile Set,pcs,.0000,.0000,.0000,.0000,.0000,.0000,.0000,NULL
Camon 40(8+128),NULL,Tecno,NULL,Mobile Set,pcs,.0000,.0000,.0000,.0000,.0000,.0000,.0000,NULL
Camon 50 (8+128),NULL,Tecno,NULL,Mobile Set,pcs,.0000,.0000,.0000,.0000,.0000,.0000,.0000,NULL
Camon 50 (8+256),NULL,Tecno,NULL,Mobile Set,pcs,.0000,.0000,.0000,.0000,.0000,.0000,.0000,NULL
Camon 50 Ultra (12+256),NULL,Tecno,NULL,Mobile Set,pcs,.0000,.0000,.0000,.0000,.0000,.0000,.0000,NULL
Camon 50 Ultra (8+256),NULL,Tecno,NULL,Mobile Set,pcs,.0000,.0000,.0000,.0000,.0000,.0000,.0000,NULL
Camon Air (8-128),NULL,Tecno,NULL,Mobile Set,pcs,.0000,.0000,.0000,.0000,.0000,.0000,.0000,NULL
Camon Air (8-256),NULL,Mobile Set,NULL,Mobile Set,pcs,.0000,.0000,.0000,.0000,.0000,.0000,.0000,NULL
Camon Slim (8-256),NULL,Tecno,NULL,Mobile Set,pcs,.0000,.0000,.0000,.0000,.0000,.0000,.0000,NULL
Camon30 12+256,NULL,Tecno,NULL,Mobile Set,pcs,2.0000,27535.0000,.0000,.0000,.0000,.0000,.0000,NULL
Camon30S 8+256,NULL,Tecno,NULL,Mobile Set,pcs,10.0000,25701.0500,.0000,.0000,.0000,.0000,.0000,NULL
Camon40 8+256,NULL,Tecno,NULL,Mobile Set,pcs,29.0000,22041.9000,.0000,.0000,.0000,.0000,.0000,NULL
Camon40 Pro,NULL,Tecno,NULL,Mobile Set,pcs,.0000,.0000,.0000,.0000,.0000,.0000,.0000,NULL
Go 3 (4+128),NULL,Tecno,NULL,Mobile Set,pcs,.0000,.0000,.0000,.0000,.0000,.0000,.0000,NULL
Go 3 (4+64),NULL,Tecno,NULL,Mobile Set,pcs,.0000,.0000,.0000,.0000,.0000,.0000,.0000,NULL
GO1 3+64,NULL,Tecno,NULL,Mobile Set,pcs,29.0000,9272.6000,29.0000,.0000,.0000,.0000,.0000,NULL
GO1 4+128,NULL,Tecno,NULL,Mobile Set,pcs,177.0000,11582.5100,.0000,.0000,.0000,.0000,.0000,NULL
GO1 4+64,NULL,Tecno,NULL,Mobile Set,pcs,268.0000,10194.2100,.0000,.0000,.0000,.0000,.0000,NULL
Go2,NULL,Tecno,NULL,Mobile Set,pcs,.0000,.0000,.0000,.0000,.0000,.0000,.0000,Ismarto Technology BD Ltd.
Go2(3+64),NULL,Tecno,NULL,Mobile Set,pcs,.0000,.0000,.0000,.0000,.0000,.0000,.0000,Ismarto Technology BD Ltd.
Live 40c,NULL,Mobile Set,NULL,Mobile Set,pcs,.0000,.0000,.0000,.0000,.0000,.0000,.0000,NULL
Live Demo 40pro+,NULL,Mobile Set,NULL,Mobile Set,pcs,.0000,.0000,.0000,.0000,.0000,.0000,.0000,NULL
Live Demo Camon 50,NULL,Tecno,NULL,Mobile Set,pcs,.0000,.0000,.0000,.0000,.0000,.0000,.0000,NULL
Live Demo Go2,NULL,Mobile Set,NULL,Mobile Set,pcs,.0000,.0000,.0000,.0000,.0000,.0000,.0000,NULL
Live Demo Go3,NULL,Tecno,NULL,Mobile Set,pcs,.0000,.0000,.0000,.0000,.0000,.0000,.0000,NULL
Live Demo Pova 7,NULL,Mobile Set,NULL,Mobile Set,pcs,.0000,.0000,.0000,.0000,.0000,.0000,.0000,NULL
Live Demo Pova Cave,NULL,Mobile Set,NULL,Mobile Set,pcs,.0000,.0000,.0000,.0000,.0000,.0000,.0000,NULL
LIVE DEMO Pova Curve 2,NULL,Tecno,NULL,Mobile Set,pcs,.0000,.0000,.0000,.0000,.0000,.0000,.0000,NULL
Live DEMO Pova Silm,NULL,Mobile Set,NULL,Mobile Set,pcs,.0000,.0000,.0000,.0000,.0000,.0000,.0000,NULL
Live Demo Spark 40,NULL,Mobile Set,NULL,Mobile Set,pcs,.0000,.0000,.0000,.0000,.0000,.0000,.0000,NULL
Live Demo Spark 40 5G,NULL,Mobile Set,NULL,Mobile Set,pcs,.0000,.0000,.0000,.0000,.0000,.0000,.0000,NULL
Live Demo Spark 40 Pro,NULL,Mobile Set,NULL,Mobile Set,pcs,.0000,.0000,.0000,.0000,.0000,.0000,.0000,NULL
Live Demo Spark 50 (4+128),NULL,Tecno,NULL,Mobile Set,pcs,.0000,.0000,.0000,.0000,.0000,.0000,.0000,NULL
Live Demo Spark 50 5G,NULL,Tecno,NULL,Mobile Set,pcs,.0000,.0000,.0000,.0000,.0000,.0000,.0000,NULL
N30 SE,NULL,One Plus,NULL,Mobile Set,pcs,1.0000,14750.0000,1.0000,.0000,.0000,.0000,.0000,One Plus
One Plus C4 Light,NULL,One Plus,NULL,Mobile Set,pcs,2.0000,22830.0000,-1.0000,.0000,.0000,.0000,.0000,NULL
Pova 7 Pro,NULL,Tecno,NULL,Mobile Set,pcs,.0000,.0000,.0000,.0000,.0000,.0000,.0000,NULL
Pova Carve,NULL,Tecno,NULL,Mobile Set,pcs,.0000,.0000,.0000,.0000,.0000,.0000,.0000,NULL
Pova Curve 2,NULL,Tecno,NULL,Mobile Set,pcs,.0000,.0000,.0000,.0000,.0000,.0000,.0000,NULL
Pova Curve 2 (8+128),NULL,Tecno,NULL,Mobile Set,pcs,.0000,.0000,.0000,.0000,.0000,.0000,.0000,NULL
Pova Slim,NULL,Tecno,NULL,Mobile Set,pcs,.0000,.0000,.0000,.0000,.0000,.0000,.0000,NULL
SP 50 4G(8-256),NULL,Tecno,NULL,Mobile Set,pcs,.0000,.0000,.0000,.0000,.0000,.0000,.0000,NULL
Spark 20C 4+128,NULL,Tecno,NULL,Mobile Set,pcs,5.0000,11016.1700,.0000,.0000,.0000,.0000,.0000,NULL
Spark 30 8+128,NULL,Tecno,NULL,Mobile Set,pcs,11.0000,16509.2100,.0000,.0000,.0000,.0000,.0000,NULL
Spark 30C 6+128,NULL,Tecno,NULL,Mobile Set,pcs,45.0000,12975.8200,.0000,.0000,.0000,.0000,.0000,NULL
Spark 30C 8+256,NULL,Tecno,NULL,Mobile Set,pcs,.0000,.0000,.0000,.0000,.0000,.0000,.0000,NULL
Spark 40 5G,NULL,Tecno,NULL,Mobile Set,pcs,.0000,.0000,.0000,.0000,.0000,.0000,.0000,NULL
Spark 40 Pro,NULL,Tecno,NULL,Mobile Set,pcs,.0000,.0000,.0000,.0000,.0000,.0000,.0000,NULL
Spark 40(8+256),NULL,Tecno,NULL,Mobile Set,pcs,.0000,.0000,.0000,.0000,.0000,.0000,.0000,NULL
Spark 40c (4+128),NULL,Tecno,NULL,Mobile Set,pcs,.0000,.0000,.0000,.0000,.0000,.0000,.0000,NULL
Spark 50 (4+128),NULL,Tecno,NULL,Mobile Set,pcs,.0000,.0000,.0000,.0000,.0000,.0000,.0000,NULL
Spark 50 (6+128),NULL,Tecno,NULL,Mobile Set,pcs,.0000,.0000,.0000,.0000,.0000,.0000,.0000,NULL
Spark 50 5G (6+128),NULL,Tecno,NULL,Mobile Set,pcs,.0000,.0000,.0000,.0000,.0000,.0000,.0000,NULL
Spark 50 Pro (6-128),NULL,Tecno,NULL,Mobile Set,pcs,.0000,.0000,.0000,.0000,.0000,.0000,.0000,NULL
Spark 50c (4+128),NULL,Tecno,NULL,Mobile Set,pcs,.0000,.0000,.0000,.0000,.0000,.0000,.0000,NULL
Spark 50c (4+64),NULL,Tecno,NULL,Mobile Set,pcs,.0000,.0000,.0000,.0000,.0000,.0000,.0000,NULL
Spark30 Pro,NULL,Tecno,NULL,Mobile Set,pcs,13.0000,18366.6700,.0000,.0000,.0000,.0000,.0000,NULL
Spark40 (6+128),NULL,Tecno,NULL,Mobile Set,pcs,.0000,.0000,.0000,.0000,.0000,.0000,.0000,NULL
Spark40 Pro Pius,NULL,Tecno,NULL,Mobile Set,pcs,.0000,.0000,.0000,.0000,.0000,.0000,.0000,NULL
Spark50 Pro (4-128),NULL,Mobile Set,NULL,Mobile Set,pcs,.0000,.0000,.0000,.0000,.0000,.0000,.0000,NULL
Spark50 Pro Luiv Demo,NULL,Tecno,NULL,Mobile Set,pcs,.0000,.0000,.0000,.0000,.0000,.0000,.0000,NULL
Tablet Megapad 4+128,NULL,Tecno,NULL,Mobile Set,pcs,.0000,.0000,.0000,.0000,.0000,.0000,.0000,NULL
