INV_UNIT_SERIAL,UNIT_SYMBOL,UNIT_FORMAL_NAME,INV_UNIT_DECIMAL_NO,INSERT_DATE,UPDATE_DATE,EXPORT_TYPE,EXPORT_FILE_NAME,IMPORT_FILE_NAME
1,BAG,Bag,0,2025-04-30 12:14:15.210,NULL,1,NULL,NULL
2,BX,BOX,0,2025-04-30 12:14:15.210,NULL,1,NULL,NULL
3,CM,Centimeters,0,2025-04-30 12:14:15.210,NULL,1,NULL,NULL
4,CTN,Carton,0,2025-04-30 12:14:15.213,NULL,1,NULL,NULL
5,DZ,Dozen,0,2025-04-30 12:14:15.213,NULL,1,NULL,NULL
6,EA,Each,0,2025-04-30 12:14:15.213,NULL,1,NULL,NULL
7,IN,Inches,0,2025-04-30 12:14:15.213,NULL,1,NULL,NULL
9,Kg,Kilogram,0,2025-04-30 12:14:15.213,NULL,1,NULL,NULL
8,M,Meter,0,2025-04-30 12:14:15.213,NULL,1,NULL,NULL
11,pcs,Pieces,0,2025-04-30 12:14:15.213,NULL,1,NULL,NULL
10,PK,Pack,0,2025-04-30 12:14:15.213,NULL,1,NULL,NULL
