USER_LOGIN_NAME,LOGIN_DATE,LOGIN_TIME,LOGOUT_DATE,LOGOUT_TIME
firoza1122,2026-10-09 00:00:00.000,1900-01-01 16:41:44.000,2026-10-09 00:00:00.000,1900-01-01 16:45:59.000
firoza1122,2026-10-09 00:00:00.000,1900-01-01 17:39:10.000,2026-10-09 00:00:00.000,1900-01-01 18:03:38.000
firoza1122,2026-09-20 00:00:00.000,1900-01-01 18:13:53.000,2026-10-08 00:00:00.000,1900-01-01 15:53:37.000
firoza1122,2026-07-09 00:00:00.000,1900-01-01 11:25:29.000,2026-09-19 00:00:00.000,1900-01-01 15:39:48.000
firoza1122,2026-07-08 00:00:00.000,1900-01-01 17:32:59.000,2026-07-08 00:00:00.000,1900-01-01 23:49:24.000
Troyee,2026-07-06 00:00:00.000,1900-01-01 14:28:14.000,2026-07-08 00:00:00.000,1900-01-01 15:35:04.000
firoza1122,2026-05-01 00:00:00.000,1900-01-01 14:40:05.000,2026-05-01 00:00:00.000,1900-01-01 15:02:25.000
firoza1122,2026-05-01 00:00:00.000,1900-01-01 15:03:18.000,2026-07-01 00:00:00.000,1900-01-01 21:03:34.000
Troyee,2026-02-07 00:00:00.000,1900-01-01 21:57:25.000,2026-05-01 00:00:00.000,1900-01-01 12:49:14.000
firoza1122,2026-02-06 00:00:00.000,1900-01-01 00:46:07.000,2026-02-07 00:00:00.000,1900-01-01 18:17:39.000
firoza1122,2026-01-25 00:00:00.000,1900-01-01 10:55:21.000,2026-02-05 00:00:00.000,1900-01-01 22:04:40.000
firoza1122,2026-01-15 00:00:00.000,1900-01-01 16:19:22.000,2026-01-23 00:00:00.000,1900-01-01 00:49:09.000
firoza1122,2026-01-13 00:00:00.000,1900-01-01 19:10:23.000,2026-01-15 00:00:00.000,1900-01-01 16:14:23.000
firoza1122,2026-01-01 00:00:00.000,1900-01-01 11:57:52.000,2026-01-01 00:00:00.000,1900-01-01 16:31:31.000
firoza1122,2026-01-01 00:00:00.000,1900-01-01 17:03:23.000,2026-01-01 00:00:00.000,1900-01-01 17:05:34.000
firoza1122,2026-01-01 00:00:00.000,1900-01-01 17:11:03.000,2026-10-01 00:00:00.000,1900-01-01 18:47:33.000
firoza1122,2025-12-31 00:00:00.000,1900-01-01 20:46:06.000,2026-01-01 00:00:00.000,1900-01-01 10:37:42.000
firoza1122,2025-12-15 00:00:00.000,1900-01-01 16:19:31.000,2025-12-31 00:00:00.000,1900-01-01 19:09:20.000
firoza1122,2025-12-05 00:00:00.000,1900-01-01 11:04:16.000,2025-12-15 00:00:00.000,1900-01-01 16:14:01.000
firoza1122,2025-10-23 00:00:00.000,1900-01-01 17:19:01.000,2025-12-04 00:00:00.000,1900-01-01 13:17:44.000
firoza1122,2025-10-21 00:00:00.000,1900-01-01 10:57:47.000,2025-10-21 00:00:00.000,1900-01-01 11:27:11.000
firoza1122,2025-10-20 00:00:00.000,1900-01-01 20:38:28.000,2025-10-20 00:00:00.000,1900-01-01 21:13:02.000
firoza1122,2025-10-14 00:00:00.000,1900-01-01 19:22:32.000,2025-10-19 00:00:00.000,1900-01-01 17:11:42.000
firoza1122,2025-10-12 00:00:00.000,1900-01-01 10:51:46.000,NULL,NULL
firoza1122,2025-10-12 00:00:00.000,1900-01-01 19:58:19.000,2025-10-14 00:00:00.000,1900-01-01 19:22:27.000
firoza1122,2025-10-10 00:00:00.000,1900-01-01 11:35:42.000,2025-10-12 00:00:00.000,1900-01-01 10:45:44.000
firoza1122,2025-10-08 00:00:00.000,1900-01-01 11:08:33.000,2025-10-08 00:00:00.000,1900-01-01 12:53:08.000
firoza1122,2025-10-05 00:00:00.000,1900-01-01 16:51:03.000,2025-10-07 00:00:00.000,1900-01-01 19:59:58.000
firoza1122,2025-10-04 00:00:00.000,1900-01-01 20:12:53.000,2025-10-04 00:00:00.000,1900-01-01 20:54:23.000
firoza1122,2025-10-02 00:00:00.000,1900-01-01 16:54:38.000,2025-10-03 00:00:00.000,1900-01-01 12:11:48.000
firoza1122,2025-10-01 00:00:00.000,1900-01-01 18:11:18.000,2025-10-01 00:00:00.000,1900-01-01 22:04:59.000
firoza1122,2025-09-12 00:00:00.000,1900-01-01 11:03:06.000,2025-10-01 00:00:00.000,1900-01-01 18:03:21.000
firoza1122,2025-09-11 00:00:00.000,1900-01-01 11:26:30.000,2025-09-11 00:00:00.000,1900-01-01 13:37:37.000
firoza1122,2025-09-11 00:00:00.000,1900-01-01 18:47:42.000,2025-09-11 00:00:00.000,1900-01-01 20:36:07.000
firoza1122,2025-09-02 00:00:00.000,1900-01-01 20:44:36.000,2025-09-11 00:00:00.000,1900-01-01 11:19:28.000
Troyee,2025-08-18 00:00:00.000,1900-01-01 17:55:24.000,2025-09-02 00:00:00.000,1900-01-01 20:48:26.000
Troyee,2025-08-17 00:00:00.000,1900-01-01 17:32:32.000,2025-08-18 00:00:00.000,1900-01-01 11:50:50.000
firoza1122,2025-08-15 00:00:00.000,1900-01-01 20:06:58.000,2025-08-17 00:00:00.000,1900-01-01 11:46:54.000
firoza1122,2025-08-11 00:00:00.000,1900-01-01 17:26:17.000,2025-08-11 00:00:00.000,1900-01-01 17:29:32.000
Troyee,2025-08-11 00:00:00.000,1900-01-01 17:51:20.000,2025-10-19 00:00:00.000,1900-01-01 16:50:55.000
firoza1122,2025-06-29 00:00:00.000,1900-01-01 17:00:42.000,2025-08-11 00:00:00.000,1900-01-01 12:50:15.000
firoza1122,2025-06-06 00:00:00.000,1900-01-01 02:01:22.000,2025-06-29 00:00:00.000,1900-01-01 18:26:48.000
firoza1122,2025-06-03 00:00:00.000,1900-01-01 11:24:45.000,2025-06-06 00:00:00.000,1900-01-01 02:39:08.000
firoza1122,2025-06-02 00:00:00.000,1900-01-01 11:44:54.000,2025-06-02 00:00:00.000,1900-01-01 11:51:20.000
firoza1122,2025-06-02 00:00:00.000,1900-01-01 16:36:53.000,2026-09-16 00:00:00.000,1900-01-01 12:16:22.000
firoza1122,2025-06-02 00:00:00.000,1900-01-01 16:41:36.000,2025-10-07 00:00:00.000,1900-01-01 19:54:28.000
firoza1122,2025-06-02 00:00:00.000,1900-01-01 17:16:15.000,2025-06-03 00:00:00.000,1900-01-01 11:31:26.000
firoza1122,2025-06-01 00:00:00.000,1900-01-01 18:37:45.000,NULL,NULL
firoza1122,2025-06-01 00:00:00.000,1900-01-01 19:29:58.000,2025-06-01 00:00:00.000,1900-01-01 20:23:59.000
firoza1122,2025-06-01 00:00:00.000,1900-01-01 20:07:32.000,2025-06-02 00:00:00.000,1900-01-01 11:48:21.000
firoza1122,2025-05-30 00:00:00.000,1900-01-01 10:50:16.000,2025-06-01 00:00:00.000,1900-01-01 17:21:42.000
firoza1122,2025-05-28 00:00:00.000,1900-01-01 11:15:38.000,2025-05-28 00:00:00.000,1900-01-01 18:21:35.000
firoza1122,2025-05-28 00:00:00.000,1900-01-01 18:06:37.000,NULL,NULL
firoza1122,2025-05-28 00:00:00.000,1900-01-01 18:07:15.000,2025-05-30 00:00:00.000,1900-01-01 11:54:39.000
firoza1122,2025-05-27 00:00:00.000,1900-01-01 12:00:24.000,2025-05-27 00:00:00.000,1900-01-01 12:05:22.000
firoza1122,2025-05-27 00:00:00.000,1900-01-01 12:05:02.000,2025-05-27 00:00:00.000,1900-01-01 12:20:45.000
firoza1122,2025-05-27 00:00:00.000,1900-01-01 12:06:24.000,NULL,NULL
firoza1122,2025-05-27 00:00:00.000,1900-01-01 12:14:50.000,NULL,NULL
firoza1122,2025-05-27 00:00:00.000,1900-01-01 12:15:43.000,2025-05-28 00:00:00.000,1900-01-01 11:32:46.000
